model_name,rate,detector_count
resnet50,54.10891006468629,1
vit_b16_in1k,4.492105429707067,1
inception_v3,38.730743147907106,1
wide_resnet101_2,11.243040592522014,1
vgg19_bn,17.04828086991356,1
