model_name,rate,detector_count
resnet50,54.10891006468629,1
vit_b16_in1k,4.492105429707067,1
