x,percent_benefit,num_partitions,num_cuts,total_modules,best_val,base_val,partitions,C,E,N,I,Wb,IN
1,8.952038740933249,3,2,5,1.995904633210886,2.192146430969238,"[2, 3]",1.9890569562911988,0.001446352005004833,0.0022441688412371138,0.006847676919687143,0.0022441688412371138,0.0044883376824742275
3000,-84.94183825003658,3,2,5,5.361035810645938,2.8987685325145067,"[2, 3]",1.9890569562911988,0.001446352005004833,0.0022441688412371138,0.006847676919687143,0.0022441688412371138,0.0044883376824742275
