x,percent_benefit,num_partitions,num_cuts,total_modules,best_val,base_val,partitions,C,E,N,I,Wb,IN
1,91.43195660853449,26,25,55,1.3897545561834654,16.220209126949307,"[1, 3, 5, 7, 9, 11, 13, 15, 17, 19, 21, 23, 27, 29, 31, 33, 35, 37, 39, 41, 43, 45, 47, 49, 51]",0.7273817834854126,0.0026265568733214355,0.02532433240699238,0.6623727726980527,0.02532433240699238,0.6078334393545495
500,80.53259682871094,11,10,55,3.200653943200533,16.44109342699043,"[5, 10, 15, 20, 27, 32, 36, 40, 44, 48]",1.6645917024612427,0.0056167244911190985,0.02532433240699238,0.2825077865931671,0.02532433240699238,0.22796845324966383
1000,74.34321553217794,9,8,55,4.281854267908044,16.688974697036617,"[7, 13, 19, 28, 33, 38, 43, 48]",1.9270045247077943,0.0071386184692379395,0.02532433240699238,0.2571339925994423,0.02532433240699238,0.20259465925593903
1500,69.68097228733723,6,5,55,5.135090054313617,16.936855967082817,"[10, 20, 31, 38, 45]",2.856213308334351,0.01097630977630566,0.02532433240699238,0.18116099537846517,0.02532433240699238,0.1266216620349619
2000,66.34120894416657,5,4,55,5.784174800139299,17.18473723712914,"[12, 23, 35, 44]",3.338777906417847,0.01262229108810366,0.02532433240699238,0.1558366629714728,0.02532433240699238,0.10129732962796952
2500,63.518225919789295,5,4,55,6.3597285000527375,17.43261850717542,"[12, 23, 35, 44]",3.338777906417847,0.01262229108810366,0.02532433240699238,0.1558366629714728,0.02532433240699238,0.10129732962796952
3000,60.7744138744998,5,4,55,6.935279667532933,17.68049977722161,"[12, 23, 35, 44]",3.338777906417847,0.01262229108810366,0.02532433240699238,0.1558366629714728,0.02532433240699238,0.10129732962796952
