x,percent_benefit,num_partitions,num_cuts,total_modules,best_val,base_val,partitions,C,E,N,I,Wb,IN
1,90.58063999840748,25,24,52,2.2055707275779426,23.415292835235594,"[1, 5, 7, 9, 11, 13, 15, 17, 19, 21, 23, 25, 27, 29, 31, 33, 35, 37, 39, 41, 43, 45, 47, 49]",2.0243180212767227,0.030482965448628253,0.001314194531600179,0.18125270630121987,0.030482965448628253,0.030228116969968608
3000,9.546263769249668,25,24,52,25.05255333132488,27.696537893597924,"[1, 5, 7, 9, 11, 13, 15, 17, 19, 21, 23, 25, 27, 29, 31, 33, 35, 37, 39, 41, 43, 45, 47, 49]",2.0243180212767227,0.030482965448628253,0.001314194531600179,0.18125270630121987,0.030482965448628253,0.030228116969968608
