x,percent_benefit,num_partitions,num_cuts,total_modules,best_val,base_val,partitions,C,E,N,I,Wb,IN
3000,99.45437156581677,1,0,52,0.15112018603180385,27.696537893597924,[],0,0,1.642743164500224e-06,0.15102623207441576,1.642743164500224e-06,1.642743164500224e-06
