action,module_idx,num_modules,cold_start_time,exec_time,input_shape,input_bytes,file_size
cold_start,0,55,0.32993245124816895,0.0003540515899658203,[1],72,131598454
cold_start,1,55,0.4912137985229492,0.00266265869140625,[1],72,201364807
cold_start,2,55,0.47197413444519043,0.0016834735870361328,[1],72,201363325
cold_start,3,55,0.5010673999786377,0.0017611980438232422,[1],72,201363325
cold_start,4,55,0.5251860618591309,0.0018644332885742188,[1],72,201363425
cold_start,5,55,0.502514123916626,0.0016243457794189453,[1],72,201363425
cold_start,6,55,0.47274065017700195,0.0016973018646240234,[1],72,201363425
cold_start,7,55,0.5475986003875732,0.0016803741455078125,[1],72,201363425
