action,module_idx,num_modules,cold_start_time,exec_time,input_shape,input_bytes,file_size
cold_start,0,5,0.04630613327026367,0.0004525184631347656,[1],72,15644313
cold_start,1,5,0.00537872314453125,0.0002543926239013672,[1],72,2116038
cold_start,2,5,1.9679226875305176,0.0021851062774658203,[1],72,805546637
cold_start,3,5,0.1628565788269043,0.00021648406982421875,[1],72,67127852
cold_start,4,5,0.0007221698760986328,0.00013184547424316406,[1],72,1854
cold_start,0,5,0.03885221481323242,0.00044417381286621094,[1],72,15644661
cold_start,1,5,0.0028536319732666016,0.00022721290588378906,[1],72,2116140
cold_start,2,5,2.0334362983703613,0.0019512176513671875,[1],72,805549657
cold_start,3,5,0.16301226615905762,0.0002086162567138672,[1],72,67127852
cold_start,4,5,0.0007328987121582031,0.00011277198791503906,[1],72,1956
cold_start,0,5,0.03866004943847656,0.00039458274841308594,[1],72,15644725
cold_start,1,5,0.002713918685913086,0.00015735626220703125,[1],72,2116142
cold_start,2,5,1.9708895683288574,0.0016009807586669922,[1],72,805549689
cold_start,3,5,0.16258001327514648,0.00021791458129882812,[1],72,67127854
cold_start,4,5,0.0008056163787841797,0.0001385211944580078,[1],72,2022
